symbol,exchange,type,organ_short_name,organ_name,product_grp_id,icb_code2
YEG,HSX,STOCK,Tập đoàn Yeah1,Công ty Cổ phần Tập đoàn Yeah1,STO,5500
YBM,HSX,STOCK,Khoáng sản CN Yên Bái,Công ty Cổ phần Khoáng sản Công nghiệp Yên Bái,STO,1700
X20,HNX,STOCK,May mặc X20,Công ty Cổ phần X20,STX,3700
WSS,HNX,STOCK,Chứng khoán Phố Wall,Công ty Cổ phần Chứng khoán Phố Wall,STX,8700
WCS,HNX,STOCK,Bến xe Miền Tây,Công ty Cổ phần Bến xe Miền Tây,STX,2700
VVS,HSX,STOCK,Đầu tư Phát triển Máy Việt Nam,Công ty Cổ phần Đầu tư Phát triển Máy Việt Nam,STO,3300
VTZ,HNX,STOCK,Nhựa Việt Thành,Công ty Cổ phần Sản xuất và Thương mại Nhựa Việt Thành,STX,1300
VTV,HNX,STOCK,Năng lượng và Môi trường VICEM,Công ty Cổ phần Năng lượng và Môi trường VICEM,STX,2300
VTP,HSX,STOCK,Bưu chính Viettel,Tổng Công ty Cổ phần Bưu chính Viettel,STO,2700
VTO,HSX,STOCK,VITACO,Công ty Cổ phần Vận tải Xăng dầu VITACO,STO,2700
VTJ,HNX,STOCK,TM và Đầu tư VINATABA,Công ty Cổ phần Thương mại và Đầu tư VI NA TA BA,STX,3700
VTH,HNX,STOCK,Dây cáp điện Việt Thái,Công ty Cổ phần Dây cáp điện Việt Thái,STX,2700
VTC,HNX,STOCK,Viễn thông VTC,Công ty Cổ phần Viễn Thông VTC,STX,9500
VTB,HSX,STOCK,Viettronics Tân Bình,Công ty Cổ phần Viettronics Tân Bình,STO,2700
VSM,HNX,STOCK,Container Miền Trung,Công ty Cổ phần Container Miền Trung,STX,2700
VSI,HSX,STOCK,Đầu tư và Xây dựng Cấp thoát nước,Công ty Cổ phần Đầu tư và Xây dựng Cấp thoát nước,STO,2300
VSH,HSX,STOCK,Thủy điện Vĩnh Sơn - Sông Hinh,Công ty Cổ phần Thủy điện Vĩnh Sơn - Sông Hinh,STO,7500
VSC,HSX,STOCK,VICONSHIP,Công ty Cổ phần Container Việt Nam,STO,2700
VSA,HNX,STOCK,Đại lý Hàng hải VN,Công ty Cổ phần Đại lý Hàng hải Việt Nam,STX,2700
VRE,HSX,STOCK,Vincom Retail,Công ty Cổ phần Vincom Retail,STO,8600
VRC,HSX,STOCK,Bất động sản và Đầu tư VRC,Công ty Cổ phần Bất động sản và Đầu tư VRC,STO,8600
VPX,HSX,STOCK,Chứng khoán VPBank,Công ty Cổ phần Chứng khoán VPBank,STO,8700
VPS,HSX,STOCK,Thuốc sát trùng Việt Nam,Công ty Cổ phần Thuốc sát trùng Việt Nam,STO,1300
VPL,HSX,STOCK,Vinpearl ,Công ty Cổ phần Vinpearl,STO,5700
VPI,HSX,STOCK,Đầu tư Văn Phú - Invest,Công ty Cổ phần Phát triển Bất động sản Văn Phú,STO,8600
VPH,HSX,STOCK,Vạn Phát Hưng,Công ty Cổ phần Vạn Phát Hưng,STO,8600
VPG,HSX,STOCK,Đầu tư TMại XNK Việt Phát,Công ty Cổ phần Đầu tư Thương mại Xuất nhập khẩu Việt Phát,STO,1700
VPD,HSX,STOCK,Phát triển Điện lực Việt Nam,Công ty Cổ phần Phát triển Điện lực Việt Nam,STO,7500
VPB,HSX,STOCK,VPBank,Ngân hàng Thương mại Cổ phần Việt Nam Thịnh Vượng,STO,8300
VOS,HSX,STOCK,Vận tải Biển Việt Nam,Công ty Cổ phần Vận tải Biển Việt Nam,STO,2700
VNT,HNX,STOCK,Vận tải ngoại thương,Công ty Cổ phần Giao nhận Vận tải Ngoại Thương,STX,2700
VNS,HSX,STOCK,Ánh Dương Việt Nam,Công ty Cổ phần Ánh Dương Việt Nam,STO,5700
VNR,HNX,STOCK,Tái bảo hiểm Quốc gia,Tổng Công ty Cổ phần Tái bảo hiểm Quốc gia Việt Nam,STX,8500
VNM,HSX,STOCK,VINAMILK,Công ty Cổ phần Sữa Việt Nam,STO,3500
VNL,HSX,STOCK,Vinalink Logistics,Công ty Cổ phần Logistics Vinalink,STO,2700
VNG,HSX,STOCK,DL Thành Thành Công,Công ty Cổ phần Du Lịch Thành Thành Công,STO,5700
VNF,HNX,STOCK,VINAFREIGHT,Công ty Cổ phần Vinafreight,STX,2700
VNE,HSX,STOCK,Xây dựng điện Việt Nam,Tổng Công ty Cổ phần Xây dựng điện Việt Nam,STO,2300
VND,HSX,STOCK,Chứng khoán VNDIRECT,Công ty Cổ phần Chứng khoán VNDIRECT,STO,8700
VNC,HNX,STOCK,VINACONTROL,Công ty Cổ phần Tập đoàn Vinacontrol,STX,2700
VMS,HNX,STOCK,Phát triển Hàng Hải,Công ty Cổ phần Phát triển Hàng Hải,STX,2700
VMD,HSX,STOCK,Y Dược phẩm Vimedimex,Công ty Cổ phần Y Dược phẩm Vimedimex,STO,4500
VMC,HNX,STOCK,VIMECO,Công ty Cổ phần VIMECO,STX,2300
VLA,HNX,STOCK,PT Công nghệ Văn Lang,Công ty Cổ phần Đầu tư và Phát triển Công nghệ Văn Lang,STX,9500
VJC,HSX,STOCK,Vietjet Air,Công ty Cổ phần Hàng không Vietjet,STO,5700
VIX,HSX,STOCK,Chứng khoán VIX,Công ty Cổ phần Chứng khoán VIX,STO,8700
VIT,HNX,STOCK,Viglacera Tiên Sơn,Công ty Cổ phần Viglacera Tiên Sơn,STX,2300
VIP,HSX,STOCK,Vận tải Xăng dầu VIPCO,Công ty Cổ phần Vận tải Xăng dầu VIPCO,STO,2700
VIG,HNX,STOCK,Chứng khoán Đầu tư Tài chính Việt Nam,Công ty Cổ phần Chứng khoán Đầu tư Tài chính Việt Nam,STX,8700
VIF,HNX,STOCK,Lâm nghiệp Việt Nam,Tổng Công ty Lâm nghiệp Việt Nam - Công ty Cổ phần,STX,1700
VID,HSX,STOCK,Viễn Đông,Công ty Cổ phần Đầu tư Phát triển Thương mại Viễn Đông,STO,1700
VIC,HSX,STOCK,VinGroup,Tập đoàn Vingroup - Công ty CP,STO,8600
VIB,HSX,STOCK,VIBBank,Ngân hàng Thương mại Cổ phần Quốc tế Việt Nam,STO,8300
VHM,HSX,STOCK,Vinhomes,Công ty Cổ phần Vinhomes,STO,8600
VHL,HNX,STOCK,Viglacera Hạ Long,Công ty Cổ phần Viglacera Hạ Long,STX,2300
VHE,HNX,STOCK,Dược liệu và Thực phẩm VN,Công ty Cổ phần Dược liệu và Thực phẩm Việt Nam,STX,4500
VHC,HSX,STOCK,Thủy sản Vĩnh Hoàn,Công ty Cổ phần Vĩnh Hoàn,STO,3500
VGS,HNX,STOCK,Ống thép Việt Đức,Công ty Cổ phần Ống thép Việt - Đức VG PIPE,STX,1700
VGP,HNX,STOCK,Cảng Rau Quả,Công ty Cổ phần Cảng Rau Quả,STX,2700
VGC,HSX,STOCK,Tổng Công ty Viglacera,Tổng Công ty Viglacera - Công ty Cổ phần,STO,2300
VFS,HNX,STOCK,Chứng khoán Nhất Việt,Công ty Cổ phần Chứng khoán Nhất Việt,STX,8700
VFG,HSX,STOCK,Khử trùng Việt Nam,Công ty Cổ phần Khử trùng Việt Nam,STO,1300
VE4,HNX,STOCK,Xây dựng điện VNECO4,Công ty Cổ phần Xây dựng điện VNECO4,STX,2300
VE3,HNX,STOCK,Xây dựng điện VNECO 3,Công ty Cổ phần Xây dựng điện VNECO 3,STX,2300
VE1,HNX,STOCK,VNECO 1,Công ty Cổ phần Xây dựng điện VNECO 1,STX,2300
VDS,HSX,STOCK,Chứng khoán Rồng Việt,Công ty Cổ phần Chứng khoán Rồng Việt,STO,8700
VDP,HSX,STOCK,Dược phẩm VIDIPHA,Công ty Cổ phần Dược phẩm Trung ương VIDIPHA,STO,4500
VDL,HNX,STOCK,Thực phẩm Lâm Đồng,Công ty Cổ phần Thực phẩm Lâm Đồng,STX,3500
VCS,HNX,STOCK,VICOSTONE,Công ty Cổ phần VICOSTONE,STX,2300
VCM,HNX,STOCK,BV Life,Công ty Cổ phần BV Life,STX,2700
VCK,HSX,STOCK,Chứng Khoán VPS,Công ty Cổ phần Chứng Khoán VPS,STO,8700
VCI,HSX,STOCK,Chứng khoán Vietcap,Công ty Cổ phần Chứng khoán Vietcap,STO,8700
VCG,HSX,STOCK,VINACONEX,Tổng Công ty Cổ phần Xuất nhập khẩu và Xây dựng Việt Nam,STO,2300
VCF,HSX,STOCK,VinaCafé Biên Hòa,Công ty Cổ phần VinaCafé Biên Hòa,STO,3500
VCC,HNX,STOCK,Vinaconex 25,Công ty Cổ phần Vinaconex 25,STX,2300
VCB,HSX,STOCK,Vietcombank,Ngân hàng Thương mại Cổ phần Ngoại thương Việt Nam,STO,8300
VCA,HSX,STOCK,Thép VICASA - VNSTEEL,Công ty Cổ phần Thép VICASA - VNSTEEL,STO,1700
VC9,HNX,STOCK,Xây dựng số 9,Công ty Cổ phần Xây dựng số 9 - VC9,STX,2300
VC7,HNX,STOCK,BGI Group,Công ty Cổ phần Tập đoàn BGI,STX,2300
VC6,HNX,STOCK,Visicons,Công ty cổ phần Xây dựng và Đầu tư Visicons,STX,2300
VC3,HNX,STOCK,Tập đoàn Nam Mê Kông,Công ty Cổ phần Tập đoàn Nam Mê Kông,STX,8600
VC2,HNX,STOCK,Đầu tư và Xây dựng VINA2,Công ty Cổ phần Đầu tư và Xây dựng VINA2,STX,2300
VC1,HNX,STOCK,Xây dựng số 1,Công ty Cổ phần Xây dựng số 1,STX,2300
VBC,HNX,STOCK,Nhựa - Bao bì Vinh,"Công ty Cổ phần Nhựa, Bao bì Vinh",STX,2700
VAF,HSX,STOCK,Phân lân Văn Điển,Công ty Cổ phần Phân lân nung chảy Văn Điển,STO,1300
VAB,HSX,STOCK,Ngân hàng Việt Á,Ngân hàng Thương mại Cổ phần Việt Á,STO,8300
V21,HNX,STOCK,Vinaconex 21,Công ty Cổ phần Vinaconex 21,STX,8600
V12,HNX,STOCK,VINACONEX 12,Công ty Cổ phần Xây dựng số 12,STX,2300
UNI,HNX,STOCK,Đầu tư và Phát triển Sao Mai Việt,Công ty Cổ phần Đầu tư và Phát triển Sao Mai Việt,STX,9500
UIC,HSX,STOCK,Phát triển Nhà và Đô thị IDICO,Công ty Cổ phần Đầu tư Phát triển Nhà và Đô thị IDICO,STO,7500
TYA,HSX,STOCK,Dây và Cáp điện Taya,Công ty Cổ phần Dây và Cáp điện Taya Việt Nam,STO,2700
TXM,HNX,STOCK,Thạch cao Xi măng,Công ty Cổ phần VICEM Thạch cao Xi Măng,STX,2300
TVT,HSX,STOCK,May Việt Thắng,Tổng Công ty Việt Thắng - CTCP,STO,3700
TVS,HSX,STOCK,Chứng khoán Thiên Việt,Công ty Cổ phần Chứng khoán Thiên Việt,STO,8700
TVD,HNX,STOCK,Than Vàng Danh,Công ty Cổ phần Than Vàng Danh - Vinacomin,STX,1700
TVC,HNX,STOCK,Tập đoàn Quản lý tài sản T-Corp,Công ty Cổ phần Tập đoàn Quản lý tài sản T-Corp,STX,8700
TVB,HSX,STOCK,Chứng khoán T-Cap,Công ty Cổ phần Chứng khoán T-Cap,STO,8700
TV4,HNX,STOCK,Tư vấn XD Điện 4,Công ty Cổ phần Tư vấn Xây dựng Điện 4,STX,2700
TV3,HNX,STOCK,Tư vấn XD điện 3,Công ty Cổ phần Tư vấn Xây dựng Điện 3,STX,2300
TV2,HSX,STOCK,Tư vấn XD Điện 2,Công ty Cổ phần Tư vấn Xây dựng Điện 2,STO,2700
TTT,HNX,STOCK,Du lịch - Thương Mại Tây Ninh,Công ty Cổ phần Du Lịch - Thương Mại Tây Ninh,STX,5700
TTL,HNX,STOCK,TCT Thăng Long,Tổng Công ty Thăng Long - Công ty Cổ phần,STX,2300
TTH,HNX,STOCK,TM và DV Tiến Thành,Công ty Cổ phần Thương mại và Dịch vụ Tiến Thành,STX,1700
TTF,HSX,STOCK,Gỗ Trường Thành,Công ty Cổ phần Tập đoàn Kỹ nghệ Gỗ Trường Thành,STO,1700
TTE,HSX,STOCK,ĐT Năng lượng Trường Thịnh,Công ty Cổ phần Đầu tư Năng lượng Trường Thịnh,STO,7500
TTC,HNX,STOCK,Gạch men Thanh Thanh,Công ty Cổ phần Gạch men Thanh Thanh,STX,2300
TTA,HSX,STOCK,XD và PT Trường Thành,Công ty Cổ phần Đầu tư Xây dựng và Phát triển Trường Thành,STO,7500
TSC,HSX,STOCK,Kỹ thuật NN Cần Thơ,Công ty Cổ phần Vật tư Kỹ thuật Nông nghiệp Cần Thơ,STO,1300
TSB,HNX,STOCK,Ắc quy Tia Sáng,Công ty Cổ phần Ắc quy Tia Sáng,STX,2700
TSA,HSX,STOCK,Đầu Tư Và Xây Lắp Trường Sơn,Công ty Cổ Phần Đầu Tư Và Xây Lắp Trường Sơn,STO,2300
TRC,HSX,STOCK,Cao su Tây Ninh,Công ty Cổ phần Cao su Tây Ninh,STO,1300
TRA,HSX,STOCK,Traphaco,Công ty Cổ phần Traphaco,STO,4500
TPP,HNX,STOCK,Nhựa Tân Phú VN,Công ty Cổ phần Tân Phú Việt Nam,STX,2700
TPC,HSX,STOCK,Nhựa Tân Đại Hưng,Công ty Cổ phần Nhựa Tân Đại Hưng,STO,1300
TPB,HSX,STOCK,TPBank,Ngân hàng Thương mại Cổ phần Tiên Phong,STO,8300
TOT,HNX,STOCK,Vận tải Transimex,Công ty Cổ phần Transimex Logistics,STX,2700
TNT,HSX,STOCK,Tập đoàn TNT,Công ty Cổ phần Tập đoàn TNT,STO,2300
TNI,HSX,STOCK,Tập đoàn Thành Nam,Công ty Cổ phần Tập đoàn Thành Nam,STO,1700
TNH,HSX,STOCK,Tập đoàn Bệnh viện TNH,Công ty Cổ phần Tập đoàn Bệnh viện TNH,STO,4500
TNG,HNX,STOCK,Đầu tư và Thương mại TNG,Công ty Cổ phần Đầu tư và Thương mại TNG,STX,3700
TNC,HSX,STOCK,Cao su Thống Nhất,Công ty Cổ phần Cao su Thống Nhất,STO,1300
TN1,HSX,STOCK,Rox Key Holdings,Công ty Cổ phần Rox Key Holdings,STO,8600
TMX,HNX,STOCK,Thương mại Xi măng,Công ty Cổ phần VICEM Thương mại Xi măng,STX,2300
TMT,HSX,STOCK,Ô tô TMT,Công ty Cổ phần Ô tô TMT,STO,3300
TMS,HSX,STOCK,Transimex,Công ty Cổ phần Transimex,STO,2700
TMP,HSX,STOCK,Thủy điện Thác Mơ,Công ty Cổ phần Thủy điện Thác Mơ,STO,7500
TMC,HNX,STOCK,XNK Thủ Đức,Công ty Cổ phần Thương mại Xuất nhập khẩu Thủ Đức,STX,7500
TMB,HNX,STOCK,Than Miền Bắc - Vinacomin,Công ty Cổ phần Kinh doanh Than Miền Bắc - Vinacomin,STX,1700
TLH,HSX,STOCK,Thép Tiến Lên,Công ty Cổ phần Tập đoàn Thép Tiến Lên,STO,1700
TLG,HSX,STOCK,Tập đoàn Thiên Long,Công ty Cổ phần Tập đoàn Thiên Long,STO,3700
TLD,HSX,STOCK,ĐT XD và PT Đô thị Thăng Long,Công ty Cổ phần Đầu tư Xây dựng và Phát triển Đô thị Thăng Long,STO,2300
TKU,HNX,STOCK,Công nghiệp Tung Kuang,Công ty Cổ phần Công nghiệp Tung Kuang,STX,1700
TJC,HNX,STOCK,Dịch vụ Vận tải và Thương mại,Công ty Cổ phần Dịch vụ Vận tải và Thương mại,STX,2700
TIX,HSX,STOCK,TANIMEX,Công ty Cổ phần Sản xuất Kinh doanh Xuất nhập khẩu Dịch vụ và Đầu tư Tân Bình,STO,8600
TIP,HSX,STOCK,PT KCN Tín Nghĩa,Công ty Cổ phần Phát triển Khu công nghiệp Tín Nghĩa,STO,8600
TIG,HNX,STOCK,Tập đoàn Đầu tư Thăng Long,Công ty Cổ phần Tập đoàn Đầu tư Thăng Long,STX,8600
THT,HNX,STOCK,Than Hà Tu,Công ty Cổ phần Than Hà Tu - Vinacomin,STX,1700
THS,HNX,STOCK,Thanh Hoa Sông Đà,Công ty Cổ phần Thanh Hoa Sông Đà,STX,5300
THG,HSX,STOCK,XD Tiền Giang,Công ty Cổ phần Đầu tư và Xây dựng Tiền Giang,STO,2300
THD,HNX,STOCK,Công ty Thaiholdings,Công ty Cổ phần Thaiholdings,STX,8600
THB,HNX,STOCK,Bia Hà Nội - Thanh Hóa,Công ty Cổ phần Bia Hà Nội - Thanh Hóa,STX,3500
TFC,HNX,STOCK,CTCP Trang,Công ty Cổ phần Trang,STX,3500
TET,HNX,STOCK,May mặc Miền Bắc,Công ty Cổ phần Vải sợi May mặc Miền Bắc,STX,3700
TEG,HSX,STOCK,Trường Thành Energy Group,Công ty Cổ phần Trường Thành Energy Group,STO,8600
TDW,HSX,STOCK,Cấp nước Thủ Đức,Công ty Cổ phần Cấp nước Thủ Đức,STO,7500
TDT,HNX,STOCK,Đầu tư và Phát triển TDT,Công ty Cổ phần Đầu tư và Phát triển TDT,STX,3700
TDP,HSX,STOCK,Công ty Thuận Đức,Công ty Cổ phần Thuận Đức,STO,2700
TDM,HSX,STOCK,Nước Thủ Dầu Một,Công ty Cổ phần Nước Thủ Dầu Một,STO,7500
TDH,HSX,STOCK,Thủ Đức House,Công ty Cổ phần Phát triển Nhà Thủ Đức,STO,8600
TDG,HSX,STOCK,Đầu tư TDG Global,Công ty Cổ phần Đầu tư TDG Global,STO,7500
TDC,HSX,STOCK,Becamex TDC,Công ty Cổ phần Kinh doanh và Phát triển Bình Dương,STO,8600
TD6,HNX,STOCK,Than Đèo Nai - Cọc Sáu - TKV,Công ty Cổ Phần Than Đèo Nai - Cọc Sáu - TKV,STX,1700
TCX,HSX,STOCK,Chứng khoán TCBS,Công ty Cổ phần Chứng khoán Kỹ Thương,STO,8700
TCT,HSX,STOCK,Cáp treo Tây Ninh,Công ty Cổ phần Cáp treo Núi Bà Tây Ninh,STO,5700
TCR,HSX,STOCK,Gốm sứ TAICERA,Công ty Cổ phần Công nghiệp Gốm sứ TAICERA,STO,2300
TCO,HSX,STOCK,TCO Holdings,Công ty Cổ phần TCO Holdings,STO,3500
TCM,HSX,STOCK,Dệt may Thành Công,Công ty Cổ phần Dệt may - Đầu tư - Thương mại Thành Công,STO,3700
TCL,HSX,STOCK,Tan Cang Logistics,Công ty Cổ phần Đại lý Giao nhận Vận tải Xếp dỡ Tân Cảng,STO,2700
TCI,HSX,STOCK,Chứng khoán Thành Công,Công ty Cổ phần Chứng khoán Thành Công,STO,8700
TCH,HSX,STOCK,ĐT DV Tài chính Hoàng Huy,Công ty Cổ phần Đầu tư Dịch vụ Tài chính Hoàng Huy,STO,8600
TCD,HSX,STOCK,Tập đoàn Xây dựng Tracodi,Công ty cổ phần Tập đoàn Xây dựng Tracodi,STO,2300
TCB,HSX,STOCK,Techcombank,Ngân hàng Thương mại Cổ phần Kỹ thương Việt Nam,STO,8300
TBC,HSX,STOCK,Thủy điện Thác Bà,Công ty Cổ phần Thủy điện Thác Bà,STO,7500
TAL,HSX,STOCK,Đầu Tư Bất Động Sản Taseco,Công Ty Cổ Phần Đầu Tư Bất Động Sản Taseco,STO,8600
TA9,HNX,STOCK,Xây lắp Thành An 96,Công ty Cổ phần Xây lắp Thành An 96,STX,2300
SZL,HSX,STOCK,Sonadezi Long Thành,Công ty Cổ phần Sonadezi Long Thành,STO,8600
SZC,HSX,STOCK,Sonadezi Châu Đức,Công ty Cổ phần Sonadezi Châu Đức,STO,8600
SZB,HNX,STOCK,Sonadezi Long Bình,Công ty Cổ phần Sonadezi Long Bình,STX,8600
SVT,HSX,STOCK,Công nghệ SG Viễn Đông,Công ty Cổ phần Công nghệ Sài Gòn Viễn Đông,STO,5300
SVN,HNX,STOCK,Tập đoàn Vexilla Việt Nam,Công ty Cổ phần Tập đoàn Vexilla Việt Nam,STX,2300
SVD,HSX,STOCK,Đầu tư & Thương mại Vũ Đăng,Công ty Cổ phần Đầu tư & Thương mại Vũ Đăng,STO,3700
SVC,HSX,STOCK,SAVICO,Công ty Cổ phần Dịch vụ tổng hợp Sài Gòn,STO,3300
STP,HNX,STOCK,CN Thương Mại Sông Đà,Công ty Cổ phần Công nghiệp Thương mại Sông Đà,STX,2700
STK,HSX,STOCK,Sợi Thế Kỷ,Công ty Cổ phần Sợi Thế Kỷ,STO,3700
STG,HSX,STOCK,Kho Vận Miền Nam,Công ty Cổ phần Kho Vận Miền Nam,STO,2700
STC,HNX,STOCK,Sách và TB Trường học TP HCM,Công ty Cổ phần Sách và Thiết bị trường học Thành phố Hồ Chí Minh,STX,5500
STB,HSX,STOCK,Sacombank,Ngân hàng Thương mại Cổ phần Sài Gòn Thương Tín,STO,8300
ST8,HSX,STOCK,Tập đoàn ST8,Công ty Cổ phần Tập đoàn ST8,STO,9500
SSM,HNX,STOCK,Kết cấu Thép VNECO,Công ty Cổ phần Chế tạo kết cấu thép VNECO.SSM,STX,1700
SSI,HSX,STOCK,Chứng khoán SSI,Công ty Cổ phần Chứng khoán SSI,STO,8700
SSC,HSX,STOCK,Giống cây trồng Miền Nam,Công ty Cổ phần Giống cây trồng Miền Nam,STO,3500
SSB,HSX,STOCK,SeABank,Ngân hàng Thương mại Cổ phần Đông Nam Á,STO,8300
SRF,HSX,STOCK,SEAREFICO,Công ty Cổ phần Searefico,STO,2700
SRC,HSX,STOCK,Cao su Sao Vàng,Công ty Cổ phần Cao su Sao Vàng,STO,3300
SRA,HNX,STOCK,SARA Việt Nam,Công ty Cổ phần SARA Việt Nam,STX,4500
SPM,HSX,STOCK,S.P.M CORP,Công ty Cổ phần S.P.M,STO,4500
SPC,HNX,STOCK,BV Thực vật Sài Gòn,Công ty Cổ phần Bảo vệ Thực vật Sài Gòn,STX,1300
SMT,HNX,STOCK,SAMETEL,Công ty Cổ phần SAMETEL,STX,9500
SMN,HNX,STOCK,Sách và thiết bị GD miền Nam,Công ty Cổ phần Sách và thiết bị giáo dục Miền Nam,STX,5500
SMC,HSX,STOCK,Đầu tư Thương mại SMC,Công ty Cổ phần Đầu tư Thương mại SMC,STO,1700
SMB,HSX,STOCK,Bia Sài Gòn - Miền Trung,Công ty Cổ phần Bia Sài Gòn - Miền Trung,STO,3500
SMA,HSX,STOCK,Thiết bị Phụ tùng Sài Gòn,Công ty Cổ phần Thiết bị Phụ tùng Sài Gòn,STO,7500
SLS,HNX,STOCK,Mía đường Sơn La,Công ty Cổ phần Mía đường Sơn La,STX,3500
SKG,HSX,STOCK,Tàu Cao tốc Superdong,Công ty Cổ phần Tàu Cao tốc Superdong - Kiên Giang,STO,5700
SJS,HSX,STOCK,SJ Group,Công ty Cổ phần SJ Group,STO,8600
SJE,HNX,STOCK,Sông Đà 11,Công ty Cổ phần Sông Đà 11,STX,2300
SJD,HSX,STOCK,Thủy điện Cần Đơn,Công ty Cổ phần Thủy điện Cần Đơn,STO,7500
SJ1,HNX,STOCK,Nông nghiệp Hùng Hậu,Công ty Cổ phần Nông nghiệp Hùng Hậu,STX,3500
SIP,HSX,STOCK,Đầu tư Sài Gòn VRG,Công ty Cổ phần Đầu tư Sài Gòn VRG,STO,8600
SHS,HNX,STOCK,Chứng khoán SG - HN,Công ty Cổ phần Chứng khoán Sài Gòn - Hà Nội,STX,8700
SHP,HSX,STOCK,Thủy điện Miền Nam,Công ty Cổ phần Thủy điện Miền Nam,STO,7500
SHN,HNX,STOCK,Đầu tư Tổng hợp Hà Nội,Công ty Cổ phần Đầu tư Tổng hợp Hà Nội,STX,1700
SHI,HSX,STOCK,Quốc tế Sơn Hà,Công ty Cổ phần Quốc tế Sơn Hà,STO,1700
SHE,HNX,STOCK,PT Năng Lượng Sơn Hà,Công ty Cổ phần Phát triển Năng Lượng Sơn Hà,STX,3700
SHB,HSX,STOCK,SHB,Ngân hàng Thương mại Cổ phần Sài Gòn – Hà Nội,STO,8300
SHA,HSX,STOCK,Sơn Hà Sài Gòn,Công ty Cổ phần Sơn Hà Sài Gòn,STO,1700
SGT,HSX,STOCK,Sài Gòn Telecom,Công ty Cổ phần Công nghệ Viễn thông Sài Gòn,STO,9500
SGR,HSX,STOCK,Địa ốc Sài Gòn,Công ty Cổ phần Tổng Công ty Cổ phần Địa ốc Sài Gòn,STO,8600
SGN,HSX,STOCK,Phục vụ mặt đất Sài Gòn,Công ty Cổ phần Phục vụ mặt đất Sài Gòn,STO,2700
SGH,HNX,STOCK,Khách sạn Sài Gòn,Công ty Cổ phần Khách sạn Sài Gòn,STX,5700
SGD,HNX,STOCK,Sách GD TP.HCM,Công ty Cổ phần Sách Giáo dục tại Thành phố Hồ Chí Minh,STX,5500
SGC,HNX,STOCK,Bánh phồng tôm Sa Giang,Công ty Cổ phần Xuất nhập khẩu Sa Giang,STX,3500
SFN,HNX,STOCK,Dệt lưới Sài Gòn,Công ty Cổ phần Dệt lưới Sài Gòn,STX,2700
SFI,HSX,STOCK,Vận tải SAFI,Công ty Cổ phần Đại lý Vận tải SAFI,STO,2700
SFG,HSX,STOCK,Phân bón Miền Nam,Công ty Cổ phần Phân bón Miền Nam,STO,1300
SFC,HSX,STOCK,Nhiên liệu Sài Gòn,Công ty Cổ phần Nhiên liệu Sài Gòn,STO,7500
SED,HNX,STOCK,Phát triển GD Phương Nam,Công ty Cổ phần Đầu tư và Phát triển Giáo dục Phương Nam,STX,5500
SEB,HNX,STOCK,Điện miền Trung,Công ty Cổ phần Đầu tư và Phát triển Điện Miền Trung,STX,7500
SDU,HNX,STOCK,Đô thị Sông Đà,Công ty Cổ phần Đầu tư Xây dựng và Phát triển Đô thị Sông Đà,STX,2300
SDN,HNX,STOCK,Sơn Đồng Nai,Công ty Cổ phần Sơn Đồng Nai,STX,2300
SDG,HNX,STOCK,Sadico Cần Thơ,Công ty Cổ phần Sadico Cần Thơ,STX,2700
SDC,HNX,STOCK,Tư vấn Sông Đà,Công ty Cổ phần Tư vấn Sông Đà,STX,2700
SDA,HNX,STOCK,XKLĐ Sông Đà,Công ty Cổ phần SIMCO Sông Đà,STX,2700
SD9,HNX,STOCK,Sông Đà 9,Công ty Cổ phần Sông Đà 9,STX,2300
SD5,HNX,STOCK,Sông Đà 5,Công ty Cổ phần Sông Đà 5,STX,2300
SCS,HSX,STOCK,DV Hàng hóa Sài Gòn,Công ty Cổ phần Dịch vụ Hàng hóa Sài Gòn,STO,5700
SCR,HSX,STOCK,TTC Land,Công ty Cổ phần Địa Ốc Sài Gòn Thương Tín,STO,8600
SCI,HNX,STOCK,SCI E&C,Công ty Cổ phần SCI E&C,STX,2300
SCG,HNX,STOCK,Xây dựng SCG,Công ty Cổ phần Tập đoàn Xây dựng SCG,STX,2300
SC5,HSX,STOCK,Xây dựng Số 5,Công ty Cổ phần Xây dựng số 5,STO,2300
SBV,HSX,STOCK,Siam Brothers Việt Nam,Công ty Cổ phần Siam Brothers Việt Nam,STO,5300
SBT,HSX,STOCK,Mía đường Thành Thành Công - Biên Hòa,Công ty Cổ phần Thành Thành Công - Biên Hòa,STO,3500
SBG,HSX,STOCK,Tập Đoàn Cơ Khí Công Nghệ Cao Siba,Công ty Cổ Phần Tập Đoàn Cơ Khí Công Nghệ Cao Siba,STO,2700
SBA,HSX,STOCK,Sông Ba JSC,Công ty Cổ phần Sông Ba,STO,7500
SAV,HSX,STOCK,Savimex,Công ty Cổ phần Hợp tác Kinh tế và Xuất nhập khẩu Savimex,STO,1700
SAM,HSX,STOCK,SAM Holdings,Công ty Cổ phần SAM Holdings,STO,9500
SAF,HNX,STOCK,Thực Phẩm SAFOCO,Công ty Cổ phần Lương thực Thực phẩm SAFOCO,STX,3500
SAB,HSX,STOCK,SABECO,Tổng Công ty Cổ phần Bia - Rượu - Nước Giải khát Sài Gòn,STO,3500
S99,HNX,STOCK,Sông Đà 9.09 (SCI),Công ty Cổ phần SCI,STX,2300
S55,HNX,STOCK,Sông Đà 505,Công ty Cổ phần Sông Đà 505,STX,2300
S4A,HSX,STOCK,Thủy điện Sê San 4A,Công ty Cổ phần Thủy điện Sê San 4A,STO,7500
RYG,HSX,STOCK,Sản xuất và Đầu tư Hoàng Gia,Công ty Cổ phần Sản xuất và Đầu tư Hoàng Gia,STO,2300
REE,HSX,STOCK,Cơ Điện Lạnh REE,Công ty Cổ phần Cơ điện Lạnh,STO,7500
RCL,HNX,STOCK,Địa Ốc Chợ Lớn,Công ty Cổ phần Địa ốc Chợ Lớn,STX,8600
RAL,HSX,STOCK,Bóng đèn Phích nước Rạng Đông,Công ty Cổ phần Bóng đèn Phích nước Rạng Đông,STO,3700
QTC,HNX,STOCK,GTVT Quảng Nam,Công ty Cổ phần Công trình Giao thông Vận tải Quảng Nam,STX,2300
QST,HNX,STOCK,Sách Quảng Ninh,Công ty Cổ phần Sách và Thiết bị trường học Quảng Ninh,STX,5500
QNP,HSX,STOCK,Cảng Quy Nhơn,Công ty Cổ phần Cảng Quy Nhơn,STO,2700
QHD,HNX,STOCK,Que hàn Việt Đức,Công ty Cổ phần Que hàn điện Việt Đức,STX,2700
QCG,HSX,STOCK,Quốc Cường Gia Lai,Công ty Cổ phần Quốc Cường Gia Lai,STO,8600
PVT,HSX,STOCK,Vận tải Dầu khí PVTrans,Tổng Công ty Cổ phần Vận tải Dầu khí,STO,2700
PVS,HNX,STOCK,DVKT Dầu khí PTSC,Tổng Công ty Cổ phần Dịch vụ Kỹ thuật Dầu khí Việt Nam,STX,0500
PVP,HSX,STOCK,Vận tải Dầu khí Thái Bình Dương,Công ty Cổ phần Vận tải Dầu khí Thái Bình Dương,STO,2700
PVI,HNX,STOCK,PVI Holdings,Công ty Cổ phần PVI,STX,8500
PVG,HNX,STOCK,Kinh doanh LPG Việt Nam,Công ty Cổ phần Kinh doanh LPG Việt Nam,STX,7500
PVD,HSX,STOCK,Khoan Dầu khí PVDrilling,Tổng Công ty Cổ phần Khoan và Dịch vụ khoan Dầu khí,STO,0500
PVC,HNX,STOCK,Hóa chất và Dịch vụ Dầu khí,Tổng Công ty Hóa chất và Dịch vụ Dầu khí - Công ty Cổ phần,STX,0500
PVB,HNX,STOCK,Bọc ống Dầu khí Việt Nam,Công ty Cổ phần Bọc ống Dầu khí Việt Nam,STX,0500
PV2,HNX,STOCK,Đầu tư PV2,Công ty Cổ phần Đầu tư PV2,STX,8600
PTX,HNX,STOCK,VT Petrolimex Nghệ Tĩnh,Công ty Cổ phần Vận tải và Dịch vụ Petrolimex Nghệ Tĩnh,STX,7500
PTS,HNX,STOCK,Vận tải Petrolimex HP,Công ty Cổ phần Vận tải và Dịch vụ Petrolimex Hải Phòng,STX,2700
PTL,HSX,STOCK,Victory Group,Công ty Cổ phần Victory Group,STO,8600
PTI,HNX,STOCK,Bảo hiểm Bưu điện,Tổng Công ty Cổ phần Bảo hiểm Bưu điện,STX,8500
PTD,HNX,STOCK,Thiết kế-XD-TM Phúc Thịnh,Công ty Cổ phần Thiết kế - Xây dựng - Thương mại Phúc Thịnh,STX,2300
PTC,HSX,STOCK,Đầu tư ICAPITAL,Công ty Cổ phần Đầu tư ICAPITAL,STO,2300
PTB,HSX,STOCK,Công ty Cổ phần Phú Tài,Công ty Cổ phần Phú Tài,STO,1700
PSW,HNX,STOCK,Phân bón hóa chất dầu khí Tây Nam Bộ,Công ty Cổ phần Phân bón và hóa chất dầu khí Tây Nam Bộ,STX,1300
PSI,HNX,STOCK,Chứng khoán Dầu khí,Công ty Cổ phần Chứng khoán Dầu khí,STX,8700
PSE,HNX,STOCK,Phân bón và hóa chất dầu khí Đông Nam Bộ,Công ty Cổ phần Phân bón và hóa chất dầu khí Đông Nam Bộ,STX,1300
PSD,HNX,STOCK,Phân phối Tổng hợp Dầu khí,Công ty Cổ phần Dịch vụ Phân phối Tổng hợp Dầu khí,STX,5300
PSC,HNX,STOCK,Vận tải Petrolimex SG,Công ty Cổ phần Vận tải và Dịch vụ Petrolimex Sài Gòn,STX,2700
PRE,HNX,STOCK,Tái bảo hiểm PVI,Tổng Công ty Cổ phần Tái bảo hiểm Hà Nội,STX,8500
PRC,HNX,STOCK,Vận tải Portserco,Công ty Cổ phần Logistics Portserco,STX,2700
PPY,HNX,STOCK,Xăng dầu dầu khí Phú Yên,Công ty Cổ phần Xăng dầu dầu khí Phú Yên,STX,7500
PPT,HNX,STOCK,Petro Times,Công ty cổ phần Petro Times,STX,7500
PPS,HNX,STOCK,DVKT Điện lực Dầu khí,Công ty Cổ phần Dịch vụ Kỹ thuật Điện lực Dầu khí Việt Nam,STX,2700
PPP,HNX,STOCK,PP.Pharco,Công ty Cổ phần Dược phẩm Phong Phú,STX,4500
PPE,HNX,STOCK,PVPower Engineering,Công ty Cổ phần Tư vấn Đầu tư PP Enterprise,STX,2700
PPC,HSX,STOCK,Nhiệt điện Phả Lại,Công ty Cổ phần Nhiệt điện Phả Lại,STO,7500
POW,HSX,STOCK,Điện lực Dầu khí Việt Nam,Tổng Công ty Điện lực Dầu khí Việt Nam - CTCP,STO,7500
POT,HNX,STOCK,Thiết bị Bưu điện Postef,Công ty Cổ phần Thiết bị Bưu điện,STX,9500
PNJ,HSX,STOCK,Vàng Phú Nhuận,Công ty Cổ phần Vàng bạc Đá quý Phú Nhuận,STO,3700
PNC,HSX,STOCK,Văn hóa Phương Nam,Công ty Cổ phần Văn hóa Phương Nam,STO,5500
PMS,HNX,STOCK,Cơ khí xăng dầu,Công ty Cổ phần Cơ khí Xăng dầu,STX,2700
PMP,HNX,STOCK,Bao bì Đạm Phú Mỹ,Công ty Cổ phần Bao bì Đạm Phú Mỹ,STX,2700
PMG,HSX,STOCK,ĐT và SX Petro Miền Trung,Công ty Cổ phần Đầu tư và Sản xuất Petro Miền Trung,STO,7500
PMC,HNX,STOCK,Pharmedic,Công ty Cổ phần Dược phẩm Dược liệu Pharmedic,STX,4500
PMB,HNX,STOCK,Phân bón và Hóa chất Dầu khí Miền Bắc,Công ty Cổ phần Phân bón và Hóa chất Dầu khí Miền Bắc,STX,1300
PLX,HSX,STOCK,Petrolimex,Tập đoàn Xăng dầu Việt Nam,STO,0500
PLP,HSX,STOCK,SX và CN Nhựa Pha Lê,Công ty Cổ phần Sản xuất và Công nghệ Nhựa Pha Lê,STO,1300
PLC,HNX,STOCK,Hóa dầu Petrolimex,Tổng Công ty Hóa dầu Petrolimex - Công ty Cổ phần,STX,1300
PJT,HSX,STOCK,Vận tải thủy PETROLIMEX,Công ty Cổ phần Vận tải Xăng dầu đường thủy Petrolimex,STO,2700
PJC,HNX,STOCK,TM và Vận tải Petrolimex HN,Công ty Cổ phần Thương mại và Vận tải Petrolimex Hà Nội,STX,7500
PIT,HSX,STOCK,XNK PETROLIMEX,Công ty Cổ phần Xuất nhập khẩu Petrolimex,STO,5300
PIC,HNX,STOCK,Đầu tư Điện lực 3,Công ty Cổ phần Đầu tư Điện lực 3,STX,7500
PIA,HNX,STOCK,Tin học Viễn thông Petrolimex,Công ty Cổ phần Tin học Viễn thông Petrolimex,STX,6500
PHR,HSX,STOCK,Cao su Phước Hòa,Công ty Cổ phần Cao su Phước Hòa,STO,1300
PHN,HNX,STOCK,Pin Hà Nội,Công ty Cổ phần Pin Hà Nội,STX,2700
PHC,HSX,STOCK,Xây dựng Phục Hưng Holdings,Công ty Cổ phần Xây dựng Phục Hưng Holdings,STO,2300
PGV,HSX,STOCK,Tổng Công ty Phát điện 3,Tổng Công ty Phát điện 3 - Công ty Cổ phần,STO,7500
PGT,HNX,STOCK,PGT Holdings,Công ty Cổ phần PGT Holdings,STX,5700
PGS,HNX,STOCK,Khí Miền Nam,Công ty Cổ phần Kinh doanh Khí Miền Nam,STX,7500
PGN,HNX,STOCK,Phụ Gia Nhựa,Công ty Cổ phần Phụ Gia Nhựa,STX,1300
PGI,HSX,STOCK,Bảo hiểm PJICO,Tổng Công ty Cổ phần Bảo hiểm Petrolimex,STO,8500
PGD,HSX,STOCK,PV GAS D,Công ty Cổ phần Phân phối khí thấp áp dầu khí Việt Nam,STO,7500
PGC,HSX,STOCK,Gas Petrolimex,Tổng Công ty Gas Petrolimex - Công ty Cổ phần,STO,7500
PET,HSX,STOCK,Dịch vụ Tổng hợp Dầu khí,Tổng Công ty Cổ phần Dịch vụ Tổng hợp Dầu khí,STO,5300
PEN,HNX,STOCK,Xây lắp III Petrolimex,Công ty Cổ phần Xây lắp III Petrolimex,STX,2300
PDV,HSX,STOCK,Vận tải Phương Đông Việt,Công ty Cổ phần Vận tải và Tiếp vận Phương Đông Việt,STO,2700
PDR,HSX,STOCK,BĐS Phát Đạt,Công ty Cổ phần Phát triển Bất động sản Phát Đạt,STO,8600
PDN,HSX,STOCK,Cảng Đồng Nai,Công ty Cổ phần Cảng Đồng Nai,STO,2700
PDB,HNX,STOCK,DIN Capital,Công ty Cổ phần Tập đoàn Đầu tư DIN Capital,STX,2300
PCT,HNX,STOCK,Vận tải Biển Global Pacific,Công ty Cổ phần Vận tải Biển Global Pacific,STX,2700
PCH,HNX,STOCK,Nhựa Picomat,Công ty Cổ phần Nhựa Picomat,STX,1300
PCE,HNX,STOCK,Phân bón và Hóa chất DK Miền Trung,Công ty Cổ phần Phân bón và hóa chất dầu khí Miền Trung,STX,1300
PC1,HSX,STOCK,Tập đoàn PC1,Công ty Cổ phần Tập đoàn PC1,STO,2300
PBP,HNX,STOCK,Bao bì Dầu khí VN,Công ty Cổ phần Bao bì Dầu khí Việt Nam,STX,2700
PAN,HSX,STOCK,Tập đoàn PAN,Công ty Cổ phần Tập đoàn PAN,STO,3500
PAC,HSX,STOCK,Pin Ắc quy Miền Nam,Công ty Cổ phần Pin Ắc quy Miền Nam,STO,2700
ORS,HSX,STOCK,Chứng khoán Tiên Phong,Công ty Cổ phần Chứng khoán Tiên Phong,STO,8700
OPC,HSX,STOCK,Dược phẩm OPC,Công ty Cổ phần Dược Phẩm OPC,STO,4500
ONE,HNX,STOCK,Truyền thông Số 1,Công ty Cổ phần Công nghệ ONE,STX,9500
OGC,HSX,STOCK,Tập đoàn Đại Dương,Công ty Cổ phần Tập đoàn Đại Dương,STO,8700
OCH,HNX,STOCK,Khách sạn và Dịch vụ OCH,Công ty Cổ phần One Capital Hospitality,STX,3500
OCB,HSX,STOCK,Ngân hàng Phương Đông,Ngân hàng Thương mại Cổ phần Phương Đông,STO,8300
NVT,HSX,STOCK,Ninh Vân Bay,Công ty Cổ phần Bất động sản Du lịch Ninh Vân Bay,STO,8600
NVL,HSX,STOCK,Novaland,Công ty Cổ phần Tập đoàn Đầu tư Địa ốc No Va,STO,8600
NVB,HNX,STOCK,Ngân hàng Quốc Dân,Ngân hàng Thương mại Cổ phần Quốc Dân,STX,8300
NTP,HNX,STOCK,Nhựa Tiền Phong,Công ty Cổ phần Nhựa Thiếu niên Tiền Phong,STX,2300
NTL,HSX,STOCK,Đô thị Từ Liêm,Công ty Cổ phần Phát triển Đô thị Từ Liêm,STO,8600
NTH,HNX,STOCK,Thủy điện Nước Trong,Công ty Cổ phần Thủy điện Nước Trong,STX,7500
NTC,HSX,STOCK,KCN Nam Tân Uyên,Công ty Cổ phần Khu Công nghiệp Nam Tân Uyên,STO,8600
NT2,HSX,STOCK,Điện lực Nhơn Trạch 2,Công ty Cổ phần Điện lực Dầu khí Nhơn Trạch 2,STO,7500
NST,HNX,STOCK,Thuốc lá Ngân Sơn,Công ty Cổ phần Ngân Sơn,STX,3700
NSH,HNX,STOCK,Nhôm Sông Hồng,Công ty Cổ phần Tập đoàn Nhôm Sông Hồng Shalumi,STX,1700
NSC,HSX,STOCK,Tập đoàn Giống cây trồng Việt Nam,Công ty Cổ phần Tập đoàn Giống cây trồng Việt Nam,STO,3500
NRC,HNX,STOCK,Tập đoàn NRC,Công ty Cổ phần Tập đoàn NRC,STX,8600
NO1,HSX,STOCK,Tâp đoàn 911,Công ty Cổ phần Tâp đoàn 911,STO,2700
NNC,HSX,STOCK,Đá Núi Nhỏ,Công ty Cổ phần Đá Núi Nhỏ,STO,2300
NLG,HSX,STOCK,BĐS Nam Long,Công ty Cổ phần Đầu tư Nam Long,STO,8600
NKG,HSX,STOCK,Thép Nam Kim,Công ty Cổ phần Thép Nam Kim,STO,1700
NHT,HSX,STOCK,Sản xuất và Thương mại Nam Hoa,Công ty Cổ phần Sản xuất và Thương mại Nam Hoa,STO,3700
NHH,HSX,STOCK,Nhựa Hà Nội,Công ty Cổ phần Nhựa Hà Nội,STO,1300
NHC,HNX,STOCK,Gạch ngói Nhị Hiệp,Công ty Cổ phần Gạch ngói Nhị Hiệp,STX,2300
NHA,HSX,STOCK,PT Nhà và Đô thị Nam HN,Tổng Công ty Đầu tư Phát triển Nhà và Đô thị Nam Hà Nội,STO,2300
NFC,HNX,STOCK,Phân lân Ninh Bình,Công ty Cổ phần Phân lân Ninh Bình,STX,1300
NET,HNX,STOCK,Bột giặt Net,Công ty Cổ phần Bột giặt Net,STX,3700
NDX,HNX,STOCK,Phát triển Nhà Đà Nẵng,Công ty Cổ phần Xây lắp Phát triển Nhà Đà Nẵng,STX,2300
NDN,HNX,STOCK,PT Nhà Đà Nẵng,Công ty Cổ phần Đầu tư Phát triển Nhà Đà Nẵng,STX,8600
NCT,HSX,STOCK,DV Hàng hóa Nội Bài,Công ty Cổ phần Dịch vụ Hàng hóa Nội Bài,STO,2700
NBW,HNX,STOCK,Cấp nước Nhà Bè,Công ty Cổ phần Cấp nước Nhà Bè,STX,7500
NBP,HNX,STOCK,Nhiệt điện Ninh Bình,Công ty Cổ phần Nhiệt Điện Ninh Bình,STX,7500
NBC,HNX,STOCK,Than Núi Béo,Công ty Cổ phần Than Núi Béo - Vinacomin,STX,1700
NBB,HSX,STOCK,577 CORP,Công ty Cổ phần Đầu tư Năm Bảy Bảy,STO,8600
NAV,HSX,STOCK,Tấm lợp và gỗ Nam Việt,Công ty Cổ phần Nam Việt,STO,2300
NAP,HNX,STOCK,Cảng Nghệ Tĩnh,Công ty Cổ phần Cảng Nghệ Tĩnh,STX,2700
NAG,HNX,STOCK,Tập đoàn Nagakawa,Công ty Cổ phần Tập đoàn Nagakawa,STX,2700
NAF,HSX,STOCK,Nafoods Group,Công ty Cổ phần Nafoods Group,STO,3500
NAB,HSX,STOCK,Ngân hàng Nam Á,Ngân hàng Thương mại Cổ phần Nam Á,STO,8300
MWG,HSX,STOCK,Thế giới di động,Công ty Cổ phần Đầu tư Thế Giới Di Động,STO,5300
MVB,HNX,STOCK,Mỏ Việt Bắc - TKV,Tổng Công ty Công nghiệp mỏ Việt Bắc TKV - Công ty Cổ phần,STX,1700
MST,HNX,STOCK,Đầu tư MST,Công ty Cổ phần Đầu tư MST,STX,2300
MSN,HSX,STOCK,Tập đoàn Masan,Công ty Cổ phần Tập đoàn Masan,STO,3500
MSH,HSX,STOCK,May Sông Hồng,Công ty Cổ phần May Sông Hồng,STO,3700
MSB,HSX,STOCK,MSB Bank,Ngân hàng Thương mại Cổ phần Hàng Hải Việt Nam,STO,8300
MKV,HNX,STOCK,Dược Thú Y Cai Lậy,Công ty Cổ phần Dược Thú Y Cai Lậy,STX,4500
MIG,HSX,STOCK,Bảo hiểm Quân đội,Tổng Công ty Cổ phần Bảo hiểm Quân đội,STO,8500
MIC,HNX,STOCK,Khoáng sản Quảng Nam,Công ty Cổ phần Kỹ nghệ Khoáng sản Quảng Nam,STX,1700
MHC,HSX,STOCK,CTCP MHC,Công ty Cổ phần MHC,STO,2700
MEL,HNX,STOCK,Thép Mê Lin,Công ty Cổ phần Thép Mê Lin,STX,1700
MED,HNX,STOCK,Dược Mediplantex,Công ty Cổ phần Dược Trung ương Mediplantex,STX,4500
MDG,HSX,STOCK,Xây dựng Miền Đông,Công ty Cổ phần Miền Đông,STO,2300
MDC,HNX,STOCK,Than Mông Dương,Công ty Cổ phần Than Mông Dương - Vinacomin,STX,1700
MCP,HSX,STOCK,In và Bao bì Mỹ Châu,Công ty Cổ phần In và Bao bì Mỹ Châu,STO,2700
MCO,HNX,STOCK,BDC Việt Nam,Công ty Cổ phần Đầu tư và Xây dựng BDC Việt Nam,STX,2300
MCM,HSX,STOCK,Giống bò sữa Mộc Châu,Công ty Cổ phần Giống bò sữa Mộc Châu,STO,3500
MCH,HSX,STOCK,Hàng Tiêu Dùng MaSan,Công ty Cổ phần Hàng Tiêu Dùng MaSan,STO,3500
MCF,HNX,STOCK,Cơ khí và Lương thực Thực phẩm,Công ty Cổ phần Xây lắp Cơ khí và Lương thực Thực phẩm,STX,3500
MCC,HNX,STOCK,Gạch ngói cao cấp,Công ty Cổ phần Gạch ngói cao cấp,STX,2300
MBS,HNX,STOCK,Chứng khoán MB,Công ty Cổ phần Chứng khoán MB,STX,8700
MBG,HNX,STOCK,Tập đoàn MBG,Công ty Cổ phần Tập đoàn MBG,STX,2300
MBB,HSX,STOCK,MBBank,Ngân hàng Thương mại Cổ phần Quân đội,STO,8300
MAS,HNX,STOCK,Sân bay Đà Nẵng,Công ty cổ phần Dịch vụ Hàng Không Sân Bay Đà Nẵng,STX,5700
MAC,HNX,STOCK,Tập đoàn Macstar,Công ty Cổ phần Tập đoàn Macstar,STX,2700
LSS,HSX,STOCK,Mía đường Lam Sơn,Công ty Cổ phần Mía đường Lam Sơn,STO,3500
LPB,HSX,STOCK,LPBank,Ngân hàng Thương mại Cổ phần Lộc Phát Việt Nam,STO,8300
LM8,HSX,STOCK,LILAMA 18,Công ty Cổ phần Lilama 18,STO,2300
LIX,HSX,STOCK,Bột Giặt LIX,Công ty Cổ phần Bột Giặt LIX,STO,3700
LIG,HNX,STOCK,Licogi 13,Công ty Cổ phần Licogi 13,STX,2300
LHG,HSX,STOCK,KCN Long Hậu,Công ty Cổ phần Long Hậu,STO,8600
LHC,HNX,STOCK,XD Thủy lợi Lâm Đồng,Công ty Cổ phần Đầu tư và Xây dựng Thủy lợi Lâm Đồng,STX,2300
LGL,HSX,STOCK,Long Giang Land,Công ty Cổ phần Đầu tư và Phát triển Đô thị Long Giang,STO,8600
LGC,HSX,STOCK,Đầu tư Cầu đường CII,Công ty Cổ phần Đầu tư Cầu đường CII,STO,2300
LDP,HNX,STOCK,Dược Lâm Đồng - Ladophar,Công ty Cổ phần Dược Lâm Đồng - Ladophar,STX,4500
LDG,HSX,STOCK,Đầu tư LDG,Công ty Cổ phần Đầu tư LDG,STO,8600
LCG,HSX,STOCK,LIZEN,Công ty Cổ phần Lizen,STO,2300
LCD,HNX,STOCK,Thí nghiệm cơ điện,Công ty Cổ phần Lắp máy - Thí nghiệm cơ điện,STX,2300
LBM,HSX,STOCK,Khoáng sản Lâm Đồng,Công ty Cổ phần Khoáng sản và Vật liệu xây dựng Lâm Đồng,STO,2300
LBE,HNX,STOCK,Thương mại và Dịch vụ LVA,Công ty Cổ phần Thương mại và Dịch vụ LVA,STX,3700
LAS,HNX,STOCK,Hóa chất Lâm Thao,Công ty Cổ phần Supe Phốt phát và Hóa chất Lâm Thao,STX,1300
LAF,HSX,STOCK,Chế biến Hàng XK Long An,Công ty Cổ phần Chế biến Hàng Xuất khẩu Long An,STO,3500
L40,HNX,STOCK,Đầu tư và Xây dựng 40,Công ty Cổ phần Đầu tư và Xây dựng 40,STX,2300
L18,HNX,STOCK,LICOGI - 18,Công ty Cổ phần Đầu tư và Xây dựng số 18,STX,2300
L14,HNX,STOCK,Licogi 14,Công ty Cổ phần Licogi 14,STX,2300
L10,HSX,STOCK,LILAMA 10,Công ty Cổ phần Lilama 10,STO,2700
KTS,HNX,STOCK,Đường Kon Tum,Công ty Cổ phần Đường Kon Tum,STX,3500
KSV,HNX,STOCK,Khoáng sản TKV,Tổng Công ty Khoáng sản TKV - Công ty Cổ phần,STX,1700
KST,HNX,STOCK,KASATI,Công ty Cổ phần KASATI,STX,9500
KSF,HNX,STOCK,Tập đoàn Sunshine,Công ty Cổ phần Tập đoàn Sunshine,STX,8600
KSD,HNX,STOCK,Đầu tư DNA,Công ty Cổ phần Đầu tư DNA,STX,3700
KSB,HSX,STOCK,Khoáng sản Bình Dương,Công ty Cổ phần Khoáng sản và Xây dựng Bình Dương,STO,2300
KOS,HSX,STOCK,Công ty KOSY,Công ty Cổ phần KOSY,STO,8600
KMT,HNX,STOCK,Kim khí Miền Trung,Công ty Cổ phần Kim khí Miền Trung,STX,1700
KMR,HSX,STOCK,MIRAE,Công ty Cổ phần Mirae,STO,3700
KLB,HSX,STOCK,KienlongBank,Ngân hàng Thương mại Cổ phần Kiên Long,STO,8300
KKC,HNX,STOCK,Tập đoàn Thành Thái,Công ty Cổ phần Tập đoàn Thành Thái,STX,1700
KHS,HNX,STOCK,Thủy sản Kiên Hùng,Công ty Cổ phần Kiên Hùng,STX,3500
KHP,HSX,STOCK,Điện lực Khánh Hòa,Công ty Cổ phần Điện lực Khánh Hòa,STO,7500
KHG,HSX,STOCK,Tập đoàn Khải Hoàn Land,Công ty Cổ phần Tập đoàn Khải Hoàn Land,STO,8600
KDM,HNX,STOCK,Tập đoàn GCL,Công ty Cổ phần Tập đoàn GCL,STX,2300
KDH,HSX,STOCK,Nhà Khang Điền,Công ty Cổ phần Đầu tư và Kinh doanh nhà Khang Điền,STO,8600
KDC,HSX,STOCK,Tập đoàn KIDO,Công ty Cổ phần Tập đoàn KIDO,STO,3500
KBC,HSX,STOCK,TCT Đô thị Kinh Bắc,Tổng Công ty Phát triển Đô thị Kinh Bắc - CTCP,STO,8600
JVC,HSX,STOCK,Đầu tư Y tế - Dược phẩm Việt Nam,Công ty Cổ phần Đầu tư Y tế - Dược phẩm Việt Nam,STO,4500
IVS,HNX,STOCK,Chứng khoán Guotai Junan (Việt Nam),Công ty Cổ phần Chứng khoán Guotai Junan (Việt Nam),STX,8700
ITQ,HNX,STOCK,Tập đoàn Thiên Quang,Công ty Cổ phần Tập đoàn Thiên Quang,STX,1700
ITD,HSX,STOCK,Công nghệ ITD,Công ty Cổ phần Công nghệ ITD,STO,9500
ITC,HSX,STOCK,Đầu tư kinh doanh Nhà,Công ty Cổ phần Đầu tư - Kinh doanh nhà,STO,8600
IPA,HNX,STOCK,Tập đoàn Đầu tư I.P.A,Công ty Cổ phần Tập đoàn Đầu tư I.P.A,STX,2700
INN,HNX,STOCK,Bao bì và In Nông Nghiệp,Công ty Cổ phần Bao bì và In Nông nghiệp,STX,2700
INC,HNX,STOCK,Tư vấn Đầu tư IDICO,Công ty Cổ phần Tư vấn Đầu tư IDICO,STX,2300
IMP,HSX,STOCK,Dược phẩm Imexpharm,Công ty Cổ phần Dược phẩm Imexpharm,STO,4500
ILB,HSX,STOCK,ICD Tân Cảng Long Bình,Công ty Cổ phần ICD Tân Cảng - Long Bình,STO,2700
IJC,HSX,STOCK,Becamex IJC,Công ty Cổ phần Phát triển Hạ tầng Kỹ thuật,STO,8600
IDV,HNX,STOCK,PT Hạ tầng Vĩnh Phúc,Công ty Cổ phần Phát triển Hạ tầng Vĩnh Phúc,STX,8600
IDJ,HNX,STOCK,Đầu tư IDJ Việt Nam,Công ty Cổ phần Đầu tư IDJ Việt Nam,STX,8600
IDI,HSX,STOCK,Đầu tư và PT Đa Quốc Gia I.D.I,Công ty Cổ phần Đầu tư và Phát triển Đa Quốc Gia I.D.I,STO,3500
IDC,HNX,STOCK,IDICO,Tổng Công ty IDICO - CTCP,STX,8600
ICT,HSX,STOCK,Viễn thông - Tin học Bưu điện,Công ty Cổ phần Viễn thông - Tin học Bưu điện,STO,9500
ICG,HNX,STOCK,Xây dựng Sông Hồng,Công ty Cổ phần Xây dựng Sông Hồng,STX,2300
HVT,HNX,STOCK,Hóa chất Việt trì,Công ty Cổ phần Hóa chất Việt Trì,STX,1300
HVN,HSX,STOCK,Vietnam Airlines,Tổng Công ty Hàng không Việt Nam - CTCP,STO,5700
HVH,HSX,STOCK,Đầu tư và Công nghệ HVC,Công ty Cổ phần Đầu tư và Công nghệ HVC,STO,2300
HUT,HNX,STOCK,Tasco- CTCP,Công ty Cổ phần Tasco,STX,3300
HUB,HSX,STOCK,Xây lắp Huế,Công ty Cổ phần Xây lắp Thừa Thiên Huế,STO,2300
HU1,HSX,STOCK,Xây dựng HUD1,Công ty Cổ phần Đầu tư và Xây dựng HUD1,STO,2300
HTV,HSX,STOCK,Logistics Vicem,Công ty Cổ phần Logistics Vicem,STO,2700
HTN,HSX,STOCK,Hưng Thịnh Incons,Công ty Cổ phần Hưng Thịnh Incons,STO,8600
HTL,HSX,STOCK,Ô tô Trường Long,Công ty Cổ phần Kỹ thuật và Ô tô Trường Long,STO,3300
HTI,HSX,STOCK,PT Hạ tầng IDICO,Công ty Cổ phần Đầu tư Phát triển Hạ tầng IDICO,STO,2300
HTG,HSX,STOCK,Dệt may Hòa Thọ,Tổng Công ty Cổ phần Dệt may Hòa Thọ,STO,3700
HTC,HNX,STOCK,Thương mại Hóc Môn,Công ty Cổ phần Thương mại Hóc Môn,STX,7500
HT1,HSX,STOCK,VICEM Hà Tiên,Công ty Cổ phần Xi măng VICEM Hà Tiên,STO,2300
HSL,HSX,STOCK,Thực phẩm Hồng Hà,Công ty Cổ phần Đầu tư Phát triển Thực phẩm Hồng Hà,STO,3500
HSG,HSX,STOCK,Tập đoàn Hoa Sen,Công ty Cổ phần Tập đoàn Hoa Sen,STO,1700
HRC,HSX,STOCK,Cao su Hòa Bình,Công ty Cổ phần Cao su Hòa Bình,STO,1300
HQC,HSX,STOCK,Địa ốc Hoàng Quân,Công ty Cổ phần Tư vấn - Thương mại - Dịch vụ Địa ốc Hoàng Quân,STO,8600
HPX,HSX,STOCK,Đầu tư Hải Phát,Công ty Cổ phần Đầu tư Hải Phát,STO,8600
HPG,HSX,STOCK,Hòa Phát,Công ty Cổ phần Tập đoàn Hòa Phát,STO,1700
HPA,HSX,STOCK,Phát triển Nông nghiệp Hoà Phát,Công ty Cổ phần Phát triển Nông nghiệp Hoà Phát,STO,3500
HOM,HNX,STOCK,Xi măng VICEM Hoàng Mai,Công ty Cổ phần Xi măng VICEM Hoàng Mai,STX,2300
HNA,HSX,STOCK,Thủy điện Hủa Na,Công ty Cổ phần Thủy điện Hủa Na,STO,7500
HMR,HNX,STOCK,Đá Hoàng Mai,Công ty Cổ phần Đá Hoàng Mai,STX,2300
HMH,HNX,STOCK,Tập đoàn Hải Minh,Công ty Cổ phần Hải Minh,STX,2700
HMC,HSX,STOCK,Kim khí TP.HCM,Công ty Cổ phần Kim khí Thành phố Hồ Chí Minh - VNSTEEL,STO,1700
HLD,HNX,STOCK,Bất động sản HUDLAND,Công ty Cổ phần Đầu tư và Phát triển Bất động sản HUDLAND,STX,8600
HLC,HNX,STOCK,Than Hà Lầm,Công ty Cổ phần Than Hà Lầm - Vinacomin,STX,1700
HKT,HNX,STOCK,Đầu tư QP Xanh,Công ty Cổ phần Đầu tư QP Xanh,STX,3500
HJS,HNX,STOCK,Thủy điện Nậm Mu,Công ty Cổ phần Thủy điện Nậm Mu,STX,7500
HII,HSX,STOCK,An Tiến Industries,Công ty Cổ phần An Tiến Industries,STO,1300
HID,HSX,STOCK,Halcom Vietnam,Công ty Cổ phần Halcom Vietnam,STO,2300
HHV,HSX,STOCK,Đầu tư Hạ tầng Giao thông Đèo Cả,Công ty Cổ phần Đầu tư Hạ tầng Giao thông Đèo Cả,STO,2300
HHS,HSX,STOCK,Đầu tư DV Hoàng Huy,Công ty Cổ phần Đầu tư Dịch vụ Hoàng Huy,STO,3300
HHP,HSX,STOCK,HHP Global,Công ty Cổ phần HHP Global,STO,1700
HHC,HNX,STOCK,Bánh kẹo Hải Hà,Công ty Cổ phần Bánh kẹo Hải Hà,STX,3500
HGM,HNX,STOCK,Khoáng sản Hà Giang,Công ty Cổ phần Cơ khí và Khoáng sản Hà Giang,STX,1700
HEV,HNX,STOCK,Sách Đại học - Dạy nghề,Công ty Cổ phần Sách Đại học - Dạy nghề,STX,5500
HDG,HSX,STOCK,Tập đoàn Hà Đô,Công ty Cổ phần Tập đoàn Hà Đô,STO,8600
HDC,HSX,STOCK,Phát triển Nhà BR-VT,Công ty Cổ phần Phát triển Nhà Bà Rịa Vũng Tàu,STO,8600
HDB,HSX,STOCK,HDBank,Ngân hàng Thương mại Cổ phần Phát Triển Thành phố Hồ Chí Minh,STO,8300
HDA,HNX,STOCK,Hãng sơn Đông Á,Công ty Cổ phần Hãng sơn Đông Á,STX,2300
HCT,HNX,STOCK,TM - DV - Vận tải Xi măng Hải Phòng ,Công ty Cổ phần Thương mại - Dịch vụ - Vận tải Xi măng Hải Phòng,STX,2700
HCM,HSX,STOCK,Chứng khoán HSC,Công ty Cổ phần Chứng khoán Thành phố Hồ Chí Minh,STO,8700
HCD,HSX,STOCK,SX và Thương mại HCD,Công ty Cổ phần Đầu tư Sản xuất và Thương mại HCD,STO,1300
HCC,HNX,STOCK,Bê tông Hòa Cầm,Công ty Cổ phần Bê tông Hòa Cầm - Intimex,STX,2300
HBS,HNX,STOCK,Chứng khoán Hòa Bình,Công ty Cổ phần Chứng khoán Hòa Bình,STX,8700
HAX,HSX,STOCK,Ô tô Hàng Xanh,Công ty Cổ phần Dịch vụ Ô tô Hàng Xanh,STO,3300
HAT,HNX,STOCK,TM Bia Hà Nội,Công ty Cổ phần Thương mại Bia Hà Nội,STX,3500
HAS,HSX,STOCK,Hacisco,Công ty Cổ phần Hacisco,STO,2300
HAR,HSX,STOCK,BĐS An Dương Thảo Điền,Công ty Cổ phần Đầu tư Thương mại Bất động sản An Dương Thảo Điền,STO,8600
HAP,HSX,STOCK,Tập đoàn Hapaco,Công ty Cổ phần Tập Đoàn Hapaco,STO,1700
HAH,HSX,STOCK,Vận tải và Xếp dỡ Hải An,Công ty Cổ phần Vận tải và Xếp dỡ Hải An,STO,2700
HAG,HSX,STOCK,Hoàng Anh Gia Lai,Công ty Cổ phần Hoàng Anh Gia Lai,STO,3500
HAD,HNX,STOCK,Bia Hà Nội - Hải Dương,Công ty Cổ phần Bia Hà Nội - Hải Dương,STX,3500
GVR,HSX,STOCK,Tập đoàn CN Cao su VN,Tập đoàn Công nghiệp Cao su Việt Nam - Công ty Cổ phần,STO,1300
GTA,HSX,STOCK,Gỗ Thuận An,Công ty Cổ phần Chế biến Gỗ Thuận An,STO,1700
GSP,HSX,STOCK,Vận tải Sản phẩm Khí Quốc tế,Công ty Cổ phần Vận tải Sản phẩm Khí Quốc tế,STO,2700
GMX,HNX,STOCK,Gạch ngói Mỹ Xuân,Công ty Cổ phần Gạch ngói Gốm xây dựng Mỹ Xuân,STX,2300
GMH,HSX,STOCK,Minh Hưng Quảng Trị,Công ty Cổ phần Minh Hưng Quảng Trị,STO,2300
GMD,HSX,STOCK,Gemadept,Công ty Cổ phần Gemadept,STO,2700
GMA,HNX,STOCK,G-Automobile,Công ty Cổ phần G-Automobile,STX,3300
GLT,HNX,STOCK,KT Điện Toàn Cầu,Công ty Cổ phần Kỹ thuật điện Toàn Cầu,STX,3700
GKM,HNX,STOCK,GKM Holdings,Công ty Cổ phần GKM Holdings,STX,2300
GIL,HSX,STOCK,XNK Bình Thạnh,Công ty Cổ phần Sản xuất Kinh doanh Xuất nhập khẩu Bình Thạnh,STO,3700
GIC,HNX,STOCK,ĐT Dịch vụ và PT Xanh,Công ty Cổ phần VSC Green Logistics,STX,2700
GHC,HSX,STOCK,Thủy điện Gia Lai,Công ty Cổ phần Thủy điện Gia Lai,STO,7500
GEX,HSX,STOCK,Tập đoàn Gelex,Công ty Cổ phần Tập đoàn Gelex,STO,2700
GEL,HSX,STOCK,Hạ tầng GELEX,Công ty Cổ phần Hạ tầng GELEX,STO,2300
GEG,HSX,STOCK,Điện Gia Lai,Công ty Cổ phần Điện Gia Lai,STO,7500
GEE,HSX,STOCK,Thiết bị điện GELEX,Công ty Cổ phần Điện lực Gelex,STO,2700
GDW,HNX,STOCK,Cấp nước Gia Định,Công ty Cổ phần Cấp nước Gia Định,STX,7500
GDT,HSX,STOCK,Gỗ Đức Thành,Công ty Cổ phần Chế biến Gỗ Đức Thành,STO,3700
GAS,HSX,STOCK,PV Gas,Tổng Công ty Khí Việt Nam - Công ty Cổ phần,STO,7500
FTS,HSX,STOCK,Chứng khoán FPT,Công ty Cổ phần Chứng khoán FPT,STO,8700
FRT,HSX,STOCK,Bán lẻ FPT,Công ty Cổ phần Bán lẻ Kỹ thuật số FPT,STO,5300
FPT,HSX,STOCK,FPT Corp,Công ty Cổ phần FPT,STO,9500
FMC,HSX,STOCK,Thực phẩm Sao Ta,Công ty Cổ phần Thực phẩm Sao Ta,STO,3500
FIT,HSX,STOCK,Tập đoàn F.I.T,Công ty Cổ phần Tập đoàn F.I.T,STO,4500
FIR,HSX,STOCK,Địa ốc First Real,Công ty Cổ phần Địa ốc First Real,STO,8600
FID,HNX,STOCK,Đầu tư và PT doanh nghiệp VN,Công ty Cổ phần Đầu tư và Phát triển Doanh nghiệp Việt Nam,STX,2300
FDC,HSX,STOCK,FIDECO,Công ty Cổ phần Ngoại thương và Phát triển Đầu tư Thành phố Hồ Chí Minh,STO,8600
FCN,HSX,STOCK,FECON CORP,Công ty Cổ phần FECON,STO,2300
FCM,HSX,STOCK,Bê tông Phan Vũ Hà Nam,Công ty Cổ phần Bê tông Phan Vũ Hà Nam,STO,2300
EVS,HNX,STOCK,Chứng khoán EVS,Công ty Cổ phần Chứng khoán EVS,STX,8700
EVG,HSX,STOCK,Tập đoàn Everland,Công ty Cổ phần Tập đoàn Everland,STO,2300
EVF,HSX,STOCK,Tài chính Tổng hợp Điện lực,Công ty Tài chính Tổng hợp Cổ phần Điện Lực,STO,8700
EVE,HSX,STOCK,Everpia,Công ty Cổ phần Everpia,STO,3700
ELC,HSX,STOCK,ELCOM,Công ty Cổ phần Công nghệ - Viễn thông ELCOM,STO,9500
EID,HNX,STOCK,Phát triển GD Hà Nội,Công ty Cổ phần Đầu tư và Phát triển Giáo dục Hà Nội,STX,5500
EIB,HSX,STOCK,Eximbank,Ngân hàng Thương mại Cổ phần Xuất nhập khẩu Việt Nam,STO,8300
ECI,HNX,STOCK,Bản đồ và tranh ảnh GD,Công ty Cổ phần Tập đoàn ECI,STX,5500
EBS,HNX,STOCK,Sách Giáo dục Hà Nội,Công ty Cổ phần Sách Giáo dục tại Thành phố Hà Nội,STX,5500
DXV,HSX,STOCK,Vật liệu Xây dựng Đà Nẵng,Công ty Cổ phần VICEM Vật liệu Xây dựng Đà Nẵng,STO,2300
DXS,HSX,STOCK,Dịch vụ BĐS Đất Xanh,Công ty Cổ phần Dịch vụ Bất động sản Đất Xanh,STO,8600
DXP,HNX,STOCK,Cảng Đoạn Xá,Công ty Cổ phần Cảng Đoạn Xá,STX,2700
DXG,HSX,STOCK,Địa ốc Đất Xanh,Công ty Cổ phần Tập đoàn Đất Xanh,STO,8600
DVP,HSX,STOCK,ĐT và PT Cảng Đình Vũ,Công ty Cổ phần Đầu tư và Phát triển Cảng Đình Vũ,STO,2700
DVM,HNX,STOCK,Dược liệu Việt Nam,Công ty Cổ phần Dược liệu Việt Nam,STX,4500
DTT,HSX,STOCK,Kỹ nghệ Đô Thành,Công ty Cổ phần Kỹ nghệ Đô Thành,STO,1300
DTL,HSX,STOCK,Đại Thiên Lộc,Công ty Cổ phần Đại Thiên Lộc,STO,1700
DTK,HNX,STOCK,Vinacomin Power,Tổng Công ty Điện lực TKV - Công ty Cổ phần,STX,7500
DTG,HNX,STOCK,Dược phẩm Tipharco,Công ty Cổ phần Dược phẩm Tipharco,STX,4500
DTD,HNX,STOCK,Đầu tư Phát triển Thành Đạt,Công ty Cổ phần Đầu tư Phát triển Thành Đạt,STX,8600
DTA,HSX,STOCK,BĐS Đệ Tam,Công ty Cổ phần Đệ Tam,STO,8600
DST,HNX,STOCK,Đầu tư Sao Thăng Long,Công ty Cổ phần Đầu tư Sao Thăng Long,STX,5500
DSN,HSX,STOCK,Công viên nước Đầm Sen,Công ty Cổ phần Công viên nước Đầm Sen,STO,5700
DSE,HSX,STOCK,Chứng Khoán DNSE,Công ty Cổ phần Chứng khoán DNSE,STO,8700
DSC,HSX,STOCK,Chứng khoán DSC,Công ty Cổ phần Chứng khoán DSC,STO,8700
DS3,HNX,STOCK,Quản lý Đường sông số 3,Công ty Cổ phần DS3,STX,2700
DRL,HSX,STOCK,Thủy điện - Điện lực 3,Công ty Cổ phần Thủy điện - Điện lực 3,STO,7500
DRH,HSX,STOCK,DRH Holdings,Công ty Cổ phần DRH Holdings,STO,8600
DRC,HSX,STOCK,Cao su Đà Nẵng,Công ty Cổ phần Cao su Đà Nẵng,STO,3300
DQC,HSX,STOCK,Tập đoàn Điện Quang,Công ty Cổ phần Tập đoàn Điện Quang,STO,3700
DPR,HSX,STOCK,Cao su Đồng Phú,Công ty Cổ phần Cao su Đồng Phú,STO,1300
DPM,HSX,STOCK,Tổng Công ty Phân bón và Hóa chất Dầu khí,Tổng Công ty Phân bón và Hóa chất Dầu khí - Công ty Cổ phần,STO,1300
DPG,HSX,STOCK,Tập đoàn Đạt Phương,Công ty Cổ phần Tập đoàn Đạt Phương,STO,2300
DP3,HNX,STOCK,Dược Phẩm TW3,Công ty Cổ Phần Dược Phẩm Trung Ương 3,STX,4500
DNP,HNX,STOCK,DNP Holding,Công ty Cổ phần DNP Holding,STX,2300
DNC,HNX,STOCK,Điện nước Hải Phòng,Công ty Cổ phần Điện nước Lắp máy Hải Phòng,STX,7500
DMC,HSX,STOCK,Dược phẩm DOMESCO,Công ty Cổ phần Xuất nhập khẩu Y tế DOMESCO,STO,4500
DLG,HSX,STOCK,Đức Long Gia Lai,Công ty Cổ phần Tập đoàn Đức Long Gia Lai,STO,2300
DL1,HNX,STOCK,Tập đoàn Alpha 7,Công ty Cổ phần Tập đoàn Alpha Seven,STX,2700
DIH,HNX,STOCK,PT Xây dựng Hội An,Công ty Cổ phần Đầu tư Phát triển Xây dựng - Hội An,STX,2300
DIG,HSX,STOCK,DIC Corp,Tổng Công ty Cổ phần Đầu tư Phát triển Xây dựng,STO,8600
DHT,HNX,STOCK,Dược phẩm Hà Tây,Công ty Cổ phần Dược phẩm Hà Tây,STX,4500
DHP,HNX,STOCK,Điện cơ Hải Phòng,Công ty Cổ phần Điện cơ Hải Phòng,STX,2700
DHM,HSX,STOCK,Khoáng sản Dương Hiếu,Công ty Cổ phần Thương mại & Khai thác Khoáng sản Dương Hiếu,STO,1700
DHG,HSX,STOCK,Dược Hậu Giang,Công ty Cổ phần Dược Hậu Giang,STO,4500
DHC,HSX,STOCK,Đông Hải Bến Tre,Công ty Cổ phần Đông Hải Bến Tre,STO,1700
DHA,HSX,STOCK,Hóa An,Công ty Cổ phần Hóa An,STO,2300
DGW,HSX,STOCK,Thế Giới Số,Công ty Cổ phần Thế Giới Số,STO,5300
DGC,HSX,STOCK,Hóa chất Đức Giang,Công ty Cổ phần Tập đoàn Hóa chất Đức Giang,STO,1300
DDG,HNX,STOCK,Đầu tư CN XNK Đông Dương,Công ty Cổ phần Đầu tư Công nghiệp Xuất nhập khẩu Đông Dương,STX,7500
DCM,HSX,STOCK,Đạm Cà Mau,Công ty Cổ phần - Tổng Công ty Phân bón Dầu Khí Cà Mau,STO,1300
DCL,HSX,STOCK,Dược phẩm Cửu Long,Công ty Cổ phần Dược phẩm Cửu Long,STO,4500
DC4,HSX,STOCK,Dicera Holdings,Công ty Cổ phần Dicera Holdings,STO,2300
DC2,HNX,STOCK,DIC Số 2,Công ty Cổ phần Đầu tư Phát triển - Xây dựng (DIC) số 2,STX,2300
DBT,HSX,STOCK,Dược phẩm Bến Tre,Công ty Cổ phần Dược phẩm Bến Tre,STO,4500
DBD,HSX,STOCK,Dược - TB Y tế Bình Định,Công ty Cổ phần Dược - Trang thiết bị y tế Bình Định (BIDIPHAR),STO,4500
DBC,HSX,STOCK,Tập đoàn DABACO,Công ty Cổ phần Tập đoàn Dabaco Việt Nam,STO,3500
DAT,HSX,STOCK,ĐT Du lịch và PT Thủy sản,Công ty Cổ phần Đầu tư Du lịch và Phát triển Thủy sản,STO,3500
DAH,HSX,STOCK,Tập đoàn Khách sạn Đông Á,Công ty Cổ phần Tập đoàn Khách sạn Đông Á,STO,5700
DAE,HNX,STOCK,Sách Giáo dục Đà Nẵng,Công ty Cổ phần Sách Giáo dục tại Thành phố Đà Nẵng,STX,5500
DAD,HNX,STOCK,Phát triển GD Đà Nẵng,Công ty Cổ phần Đầu tư và Phát triển Giáo dục Đà Nẵng,STX,5500
D2D,HSX,STOCK,Phát triển Đô thị số 2,Công ty Cổ phần Phát triển Đô thị Công nghiệp số 2,STO,8600
D11,HNX,STOCK,Địa ốc 11,Công ty Cổ phần Địa ốc 11,STX,8600
CX8,HNX,STOCK,Constrexim số 8,Công ty Cổ phần Đầu tư và Xây lắp Constrexim số 8,STX,2300
CVT,HSX,STOCK,CMC JSC,Công ty Cổ phần CMC,STO,2300
CTT,HNX,STOCK,Chế tạo máy - Vinacomin,Công ty Cổ phần Chế tạo máy - Vinacomin,STX,2700
CTS,HSX,STOCK,Chứng khoán Vietinbank,Công ty Cổ phần Chứng khoán Vietinbank,STO,8700
CTR,HSX,STOCK,Công trình Viettel,Tổng Công ty Cổ phần Công trình Viettel,STO,2300
CTP,HNX,STOCK,CTP Group,Công ty Cổ phần Tập đoàn CTP Group,STX,3500
CTI,HSX,STOCK,Cường Thuận IDICO,Công ty Cổ phần Đầu tư Phát triển Cường Thuận IDICO,STO,2300
CTG,HSX,STOCK,VietinBank,Ngân hàng Thương mại Cổ phần Công thương Việt Nam,STO,8300
CTF,HSX,STOCK,City Auto,Công ty Cổ phần City Auto,STO,3300
CTD,HSX,STOCK,Xây dựng Coteccons,Công ty Cổ phần Xây dựng Coteccons,STO,2300
CTB,HNX,STOCK,Bơm Hải Dương,Công ty Cổ phần Chế tạo Bơm Hải Dương,STX,2700
CSV,HSX,STOCK,Hóa chất Cơ bản miền Nam,Công ty Cổ phần Hóa chất Cơ bản miền Nam,STO,1300
CST,HNX,STOCK,Than Cao Sơn - TKV,Công ty Cổ phần Than Cao Sơn - TKV,STX,1700
CSM,HSX,STOCK,Cao su Miền Nam,Công ty Cổ phần Công nghiệp Cao su Miền Nam,STO,3300
CSC,HNX,STOCK,Tập đoàn COTANA,Công ty Cổ phần Tập đoàn COTANA,STX,2300
CRV,HSX,STOCK,Tập đoàn Bất động sản CRV,Công ty Cổ phần Tập đoàn Bất động sản CRV,STO,8600
CRE,HSX,STOCK,Bất động sản Thế Kỷ,Công ty Cổ phần Bất động sản Thế Kỷ,STO,8600
CRC,HSX,STOCK,Create Capital Việt Nam,Công ty Cổ phần Create Capital Việt Nam,STO,2300
CPC,HNX,STOCK,Thuốc sát trùng Cần Thơ,Công ty Cổ phần Thuốc sát trùng Cần Thơ,STX,1300
COM,HSX,STOCK,Vật tư - Xăng dầu,Công ty Cổ phần Vật tư - Xăng dầu,STO,5300
CNG,HSX,STOCK,CNG Việt Nam,Công ty Cổ phần CNG Việt Nam,STO,7500
CMX,HSX,STOCK,CAMIMEX Group,Công ty Cổ phần CAMIMEX Group,STO,3500
CMV,HSX,STOCK,Thương nghiệp Cà Mau,Công ty Cổ phần Thương nghiệp Cà Mau,STO,5300
CMS,HNX,STOCK,Tập đoàn CMH Việt Nam,Công ty Cổ phần Tập đoàn CMH Việt Nam,STX,2300
CMG,HSX,STOCK,Tập đoàn Công nghệ CMC,Công ty Cổ phần Tập đoàn Công nghệ CMC,STO,9500
CMC,HNX,STOCK,Đầu tư CMC,Công ty Cổ phần Đầu tư CMC,STX,2700
CLW,HSX,STOCK,Cấp nước Chợ Lớn,Công ty Cổ phần Cấp nước Chợ Lớn,STO,7500
CLM,HNX,STOCK,Xuất nhập khẩu Than - Vinacomin,Công ty Cổ phần Xuất nhập khẩu Than - Vinacomin,STX,1700
CLL,HSX,STOCK,Cảng Cát Lái,Công ty Cổ phần Cảng Cát Lái,STO,2700
CLH,HNX,STOCK,Xi măng La Hiên,Công ty Cổ phần Xi măng La Hiên VVMI,STX,2300
CLC,HSX,STOCK,Thuốc lá Cát Lợi,Công ty Cổ phần Cát Lợi,STO,3700
CKV,HNX,STOCK,CokyVina,Công ty Cổ phần CokyVina,STX,9500
CKG,HSX,STOCK,Tập đoàn CIC,Công ty Cổ phần Tập đoàn CIC,STO,8600
CJC,HNX,STOCK,Cơ điện Miền Trung,Công ty Cổ phần Cơ điện Miền Trung,STX,2700
CII,HSX,STOCK,Hạ tầng Kỹ thuật TP.HCM,Công ty Cổ phần Đầu tư Hạ tầng Kỹ thuật Thành phố Hồ Chí Minh,STO,2300
CIG,HSX,STOCK,Xây dựng COMA 18,Công ty Cổ phần COMA 18,STO,2300
CIA,HNX,STOCK,DV Sân Bay Cam Ranh,Công ty Cổ Phần Dịch Vụ Sân Bay Quốc Tế Cam Ranh,STX,2700
CHP,HSX,STOCK,Thủy điện Miền Trung,Công ty Cổ phần Thủy điện Miền Trung,STO,7500
CET,HNX,STOCK,HTC Holding ,Công ty Cổ phần HTC Holding,STX,3700
CEO,HNX,STOCK,Tập đoàn CEO,Công ty Cổ phần Tập đoàn C.E.O,STX,8600
CDN,HNX,STOCK,Cảng Đà Nẵng,Công ty Cổ phần Cảng Đà Nẵng,STX,2700
CDC,HSX,STOCK,Chương Dương Corp,Công ty Cổ phần Chương Dương,STO,2300
CCR,HNX,STOCK,Cảng Cam Ranh,Công ty Cổ phần Cảng Cam Ranh,STX,2700
CCL,HSX,STOCK,ĐT & PT Đô thị Dầu khí Cửu Long,Công ty Cổ phần Đầu tư và Phát triển Đô thị Dầu khí Cửu Long,STO,8600
CCI,HSX,STOCK,CIDICO,Công ty Cổ phần Đầu tư Phát triển Công nghiệp Thương mại Củ Chi,STO,7500
CCC,HSX,STOCK,Xây Dựng CDC,Công ty Cổ Phần Xây Dựng CDC,STO,2300
CAR,HNX,STOCK,Tập đoàn Giáo dục Trí Việt,Công ty cổ phần Tập đoàn Giáo dục Trí Việt,STX,2700
CAP,HNX,STOCK,Lâm nông sản Yên Bái,Công ty Cổ phần Lâm Nông sản Thực phẩm Yên Bái,STX,1700
CAN,HNX,STOCK,Đồ hộp Hạ Long,Công ty Cổ phần Đồ hộp Hạ Long,STX,3500
CAG,HNX,STOCK,Cảng An Giang,Công ty Cổ phần Cảng An Giang,STX,2700
C69,HNX,STOCK,Xây dựng 1369,Công ty Cổ phần Xây dựng 1369,STX,2300
C47,HSX,STOCK,Xây dựng 47,Công ty Cổ phần Xây dựng 47,STO,2300
C32,HSX,STOCK,Đầu tư và Xây dựng 3-2,Công ty Cổ phần Đầu tư và Xây dựng 3-2,STO,2300
BXH,HNX,STOCK,Bao bì Xi măng HP,Công ty Cổ phần VICEM Bao bì Hải Phòng,STX,2700
BWE,HSX,STOCK,Nước - Môi trường Bình Dương,Công ty Cổ phần - Tổng công ty Nước - Môi trường Bình Dương,STO,7500
BVS,HNX,STOCK,Chứng khoán Bảo Việt,Công ty Cổ phần Chứng khoán Bảo Việt,STX,8700
BVH,HSX,STOCK,Tập đoàn Bảo Việt,Tập đoàn Bảo Việt,STO,8500
BTW,HNX,STOCK,Cấp nước Bến Thành,Công ty Cổ phần Cấp nước Bến Thành,STX,7500
BTT,HSX,STOCK,TM - DV Bến Thành,Công ty Cổ phần Thương mại - Dịch vụ Bến Thành,STO,5300
BTS,HNX,STOCK,Xi măng Bút Sơn,Công ty Cổ phần Xi măng VICEM Bút Sơn,STX,2300
BTP,HSX,STOCK,Nhiệt điện Bà Rịa,Công ty Cổ phần Nhiệt điện Bà Rịa,STO,7500
BSR,HSX,STOCK,Lọc Hóa dầu Bình Sơn,Công ty Cổ phần Lọc Hóa dầu Bình Sơn,STO,0500
BSI,HSX,STOCK,Chứng khoán BIDV,Công ty Cổ phần Chứng khoán BIDV,STO,8700
BRC,HSX,STOCK,Cao su Bến Thành,Công ty Cổ phần Cao su Bến Thành,STO,1300
BPC,HNX,STOCK,Bao bì Bỉm Sơn,Công ty Cổ phần Vicem Bao bì Bỉm Sơn,STX,2700
BNA,HNX,STOCK,Tập đoàn Đầu tư Bảo Ngọc,Công ty Cổ phần Tập đoàn Đầu tư Bảo Ngọc,STX,3500
BMP,HSX,STOCK,Nhựa Bình Minh,Công ty Cổ phần Nhựa Bình Minh,STO,2300
BMI,HSX,STOCK,Bảo hiểm Bảo Minh,Tổng Công ty Cổ phần Bảo Minh,STO,8500
BMC,HSX,STOCK,Khoáng sản Bình Định,Công ty Cổ phần Khoáng sản Bình Định,STO,1700
BKG,HSX,STOCK,Đầu tư BKG Việt Nam,Công ty Cổ phần Đầu tư BKG Việt Nam,STO,3700
BKC,HNX,STOCK,Khoáng sản Bắc Kạn,Công ty Cổ phần Khoáng sản Bắc Kạn,STX,1700
BID,HSX,STOCK,BIDV,Ngân hàng Thương mại Cổ phần Đầu tư và Phát triển Việt Nam,STO,8300
BIC,HSX,STOCK,Bảo hiểm BIDV,Tổng Công ty Cổ phần Bảo hiểm Ngân hàng Đầu tư và Phát triển Việt Nam,STO,8500
BHN,HSX,STOCK,HABECO,Tổng Công ty Cổ phần Bia - Rượu - Nước giải khát Hà Nội,STO,3500
BFC,HSX,STOCK,Phân bón Bình Điền,Công ty Cổ phần Phân bón Bình Điền,STO,1300
BED,HNX,STOCK,Sách Đà Nẵng,Công ty Cổ phần Sách và Thiết bị trường học Đà Nẵng,STX,5500
BCM,HSX,STOCK,Becamex Group,Tập đoàn Đầu tư và Phát triển Công nghiệp Becamex - CTCP,STO,8600
BCG,HSX,STOCK,Bamboo Capital,Công ty Cổ phần Tập đoàn Bamboo Capital,STO,8700
BCF,HNX,STOCK,Thực phẩm Bích Chi,Công ty Cổ phần Thực phẩm Bích Chi,STX,3500
BCE,HSX,STOCK,XD và GT Bình Dương,Công ty Cổ phần Xây dựng và Giao thông Bình Dương,STO,2300
BCC,HNX,STOCK,Xi măng Bỉm Sơn,Công ty Cổ phần Xi măng Bỉm Sơn,STX,2300
BBS,HNX,STOCK,Bao bì Xi măng Bút Sơn,Công ty Cổ phần VICEM Bao bì Bút Sơn,STX,2700
BAX,HNX,STOCK,Công ty Thống Nhất,Công ty Cổ phần Thống Nhất,STX,2300
BAF,HSX,STOCK,Nông nghiệp BAF Việt Nam,Công ty Cổ phần Nông nghiệp BAF Việt Nam,STO,3500
BAB,HNX,STOCK,Ngân hàng Bắc Á,Ngân hàng Thương mại Cổ phần Bắc Á,STX,8300
ATS,HNX,STOCK,Tập đoàn Đầu tư ATS,Công ty Cổ phần Tập đoàn Đầu tư ATS,STX,5700
AST,HSX,STOCK,Dịch vụ Hàng không Taseco,Công ty Cổ phần Dịch vụ Hàng không Taseco,STO,5300
ASP,HSX,STOCK,Dầu khí An Pha,Công ty Cổ phần Tập đoàn Dầu khí An Pha,STO,7500
ASM,HSX,STOCK,Tập đoàn Sao Mai,Công ty Cổ phần Tập đoàn Sao Mai,STO,3500
ASG,HSX,STOCK,Tập đoàn ASG,Công ty Cổ phần Tập đoàn ASG,STO,2700
ARM,HNX,STOCK,XNK Hàng không,Công ty Cổ phần Xuất nhập khẩu Hàng không,STX,2700
APS,HNX,STOCK,CK Châu Á - TBD,Công ty Cổ phần Chứng khoán Châu Á - Thái Bình Dương,STX,8700
API,HNX,STOCK,Đầu tư Châu Á - Thái Bình Dương,Công ty Cổ phần Đầu tư Châu Á - Thái Bình Dương,STX,8600
APH,HSX,STOCK,Tập đoàn An Phát Holdings,Công ty Cổ phần Tập đoàn An Phát Holdings,STO,2700
APG,HSX,STOCK,Chứng khoán APG,Công ty Cổ phần Chứng khoán APG,STO,8700
ANV,HSX,STOCK,Thủy sản Nam Việt,Công ty Cổ phần Nam Việt,STO,3500
ANT,HSX,STOCK,Rau quả thực phẩm An Giang,Công ty Cổ phần Rau quả Thực phẩm An Giang,STO,3500
AMV,HNX,STOCK,Dược-TB Y tế Việt Mỹ,Công ty Cổ phần Sản xuất Kinh doanh Dược và Trang thiết bị Y tế Việt Mỹ,STX,4500
AME,HNX,STOCK,Cơ điện Alphanam,Công ty cổ phần Alphanam E&C,STX,2700
AMC,HNX,STOCK,Khoáng sản Á Châu,Công ty Cổ phần Khoáng sản Á Châu,STX,1700
ALT,HNX,STOCK,Văn hóa Tân Bình,Công ty Cổ phần Văn hóa Tân Bình,STX,5500
AGR,HSX,STOCK,Agriseco,Công ty Cổ phần Chứng khoán AGRIBANK,STO,8700
AGG,HSX,STOCK,Bất động sản An Gia,Công ty Cổ phần Đầu tư và Phát triển Bất động sản An Gia,STO,8600
AFX,HSX,STOCK,XNK Nông sản Thực phẩm An Giang,Công ty Cổ phần Xuất Nhập khẩu Nông sản Thực phẩm An Giang,STO,5300
ADS,HSX,STOCK,Dệt sợi DAMSAN,Công ty Cổ phần DAMSAN,STO,3700
ADP,HSX,STOCK,Sơn Á Đông,Công ty Cổ phần Sơn Á Đông,STO,2300
ADG,HSX,STOCK,Clever Group,Công ty Cổ phần Clever Group,STO,5500
ADC,HNX,STOCK,Mĩ thuật và Truyền thông,Công ty Cổ phần Mĩ thuật và Truyền thông,STX,5500
ACL,HSX,STOCK,Thủy sản CL An Giang,Công ty Cổ phần Xuất nhập khẩu Thủy sản Cửu Long An Giang,STO,3500
ACG,HSX,STOCK,Gỗ An Cường,Công ty Cổ phần Gỗ An Cường,STO,1700
ACC,HSX,STOCK,Đầu tư và XD Bình Dương ACC,Công ty Cổ phần Đầu tư và Xây dựng Bình Dương ACC,STO,2300
ACB,HSX,STOCK,ACB,Ngân hàng Thương mại Cổ phần Á Châu,STO,8300
ABT,HSX,STOCK,Thủy sản Bến Tre,Công ty Cổ phần Xuất nhập khẩu Thủy sản Bến Tre,STO,3500
ABS,HSX,STOCK,DV Nông nghiệp Bình Thuận,Công ty Cổ phần Dịch vụ Nông nghiệp Bình Thuận,STO,1300
ABR,HSX,STOCK,Đầu tư Nhãn Hiệu Việt,Công ty Cổ phần Đầu tư Nhãn Hiệu Việt,STO,2700
AAV,HNX,STOCK,Việt Tiên Sơn Địa ốc,Công ty Cổ phần AAV Group,STX,8600
AAT,HSX,STOCK,Tập đoàn Tiên Sơn Thanh Hóa,Công ty Cổ phần Tập đoàn Tiên Sơn Thanh Hóa,STO,3700
AAM,HSX,STOCK,Thủy sản Mekong,Công ty Cổ Phần Thủy Sản MeKong,STO,3500
AAA,HSX,STOCK,An Phát Bioplastics,Công ty Cổ phần Nhựa An Phát Xanh,STO,1300
